title,top_comment,answers
"Found this online, is it true?","- If you are interested in the live action for One Piece, please check out /r/OnePieceLiveAction, for a community dedicated to it.   


- You can watch the show on [Netflix](https://www.netflix.com/title/80217863)


*I am a bot, and this action was performed automatically. Please [contact the moderators of this subreddit](/message/compose/?to=/r/OnePiece) if you have any questions or concerns.*","

Without knowing the source of the information, it is impossible to know if it is true or not. It is always best to research any information you find online to make sure it is accurate and reliable."
"One Piece Summarized, took 30 hours. Can you find pandaman?",I didn't think anyone could summarize the entire story on a page. I was so wrong.,"

Pandaman can be found in the One Piece manga and anime series. He is a mysterious character who often appears in the background of certain scenes, usually in a crowd of people. He is usually seen wearing a black and white striped shirt and carrying a red umbrella. Pandaman is a fan-favorite character and has been featured in several official merchandise items. He has also made cameo appearances in the video games based on the series."
"You saved some of the treasure, right?","Zoro making a run for it and taking Sanji with him, before Nami goes Super Saiyan on Luffy's ass! ü§£ü§£","

Yes, I did save some of the treasure."
Where‚Äôs Pandaman? Took 71 hours. Can you find all 5?,"I love all the details put on this, like Zoro lost on top of the tower >!Yamato!< attacking Kaido, Marco and Perospero, Akainu and Katakuri at the Ace donut shop... I love it!

Excellent work! I will try to find all of them. (I will update my comment once I find them)

Pandaman #01 : >!On the Left side, near Bellamy and under Shakky!<

Pandaman #02 : >!Left side, in the Chad Bar near Whitebeard!< 

Pandaman #03 : >!Middle, in the middle of Luffy's legs!<

Pandaman #04 : >!On the right, just behind Weevil!<

Pandaman #05 : >!On the right, just behind Dr Hilluluk, near Izo and Don Krieg!<

Edit : Also, what is Hisoka doing there?","

1. In the upper right corner of the image.
2. In the lower left corner of the image.
3. In the upper left corner of the image.
4. In the center of the image.
5. In the lower right corner of the image."
Is it real ?,That's naruto's last chapter. Oda paying respect to kishimoto as the naruto saga ends and kishimoto with the nod.,"

That depends on what you are asking about."
Here we are! When did you started reading/ watching One Piece?,I probably started in ‚Äò04 watching the watered down 4kids dub and after some years without seeing it started reading the manga in 2011 and the anime in 2017,"

I started reading One Piece in 2001."
What did luffy mean by this?,Idk but this maybe like top 3 moments for me,"

Luffy's statement likely means that he is determined and confident in his ability to achieve his goals, no matter how difficult the challenge may be."
"One piece has been the only anime in my entire anime career to make me feel, and cry. This part where brook had to watch all his crewmates die one by one but still kept on singing breaks my heart. What are some of your guys favourite scene that made you love this show?","Be sure to comeback, Sanji. Without you, I can't, I won't become the Pirate King.

Also, when Luffy saved Vivi from Crocodile.

Vivi : Luffy, my voice isn't reaching anyone.

Luffy : Don't worry your voice is heard by us.","

One of my favorite scenes from One Piece is when Luffy and Ace meet for the first time. Seeing the two brothers reunite after so long and Luffy's determination to save Ace from execution is a testament to the strength of their bond. It's a powerful moment and one that really stuck with me. Another favorite scene is when Luffy and his crew arrive at the Sabaody Archipelago and are surprised to see the Thousand Sunny in the harbor. It's the first time they've seen the ship since they left the East Blue and it's a reminder of how far they've come and how much they've achieved. It's a moment of both joy and pride that I really enjoy. Finally, one of my favorite scenes is when Luffy and his crew battle Kaido at Marineford. The sheer scale and intensity of the fight is incredible and Luffy's unwavering determination to protect his crew and fight for what's right is truly inspiring."
Is the manga better?,"- If you are interested in the live action for One Piece, please check out /r/OnePieceLiveAction, for a community dedicated to it.   

- The show is releasing on Aug. 31.

- If you'd like you can add the show to [your list on Netflix](https://www.netflix.com/title/80217863)


*I am a bot, and this action was performed automatically. Please [contact the moderators of this subreddit](/message/compose/?to=/r/OnePiece) if you have any questions or concerns.*","

That is subjective and depends on personal preference. Some people may prefer the manga, while others may prefer the anime."
Just another Usopp cosplay. Or God Cosplay?,"As a reminder: **Don't be rude toward cosplayers.** If you don't like the cosplay, just downvote the post and be on your way instead of making rude, creepy, or racist comments. Please help make the community better by reporting those comments.   
  
- You can also report the post if you believe the cosplay needs a NSFW tag and doesn't have it already.  


*I am a bot, and this action was performed automatically. Please [contact the moderators of this subreddit](/message/compose/?to=/r/OnePiece) if you have any questions or concerns.*","

No, there is no such thing as God Cosplay. However, there are many different types of Usopp cosplays, from casual to full-on costume."
Do you think we'll find out anything about the unknown parents ?,Seems like Chopper is the most normal out of them all huh.,"

It is possible, but it really depends on the specifics of the situation. It is possible that information about the parents can be uncovered through genealogy research, DNA testing, or other investigative methods."
Hahaha Joy Girl‚Ä¶Spoiler! Art work by David Fueleki https://instagram.com/davidfueleki?igshid=YmMyMTA2M2Y=,Sanji fighting the most confusing fight of his life right there,"

Hahaha! That's hilarious. I love it!"
You sure?,Zoro the type of guy to use a map to get around the house.,"

Yes, I'm sure."
Nice comparison. Isn't it?,moments like these might be special to Zoro. receiving kindness in places he can't expect to get.,"

Yes, it is a very nice comparison."
How's this leave art for a change?,Damn it's crazy that nature just does that sometimes,"

Art is all about change, so it's an exciting opportunity to explore new ideas, materials, and techniques. It's also a chance to challenge yourself to think outside the box and find new ways to express yourself creatively. By leaving your comfort zone and trying something new, you can discover how to make art that is truly unique and meaningful to you."
My first attempt at embroidery ! What do you think?,10\10 laboon would approve,"

It looks great! It's amazing to see the progress you've made in such a short time. Keep up the good work!"
What if this is the actual ending?,Plot twist of the century. Eiji Aonuma tricking the entire One Piece population while Oda releases the final chapter as normal.,"

If this is the actual ending, then it is important to accept it and find ways to make the most of the situation. It is also important to look ahead and focus on the future, finding ways to move forward and create new opportunities. Additionally, it is important to reflect on the journey and appreciate the experiences and memories that have been created."
"""Hey you, wanna garchu?"" Carrot/Lola doodle",Some of y'all started sweating looking at this,"

Hi there! I'm sorry, I'm not sure what you mean by ""garchu"". Could you please explain a bit more?"
Each Straw Hat best scene (anime only). What are your thoughts?,"For me for Luffy it's punching St.Charloss, Nami saying, ""Luffy, help me!"", Sanji it's between him telling Luffy he want to go home to Sunny or standing on the table looking down at Judge, for Brook it's him facing down Big Mom solo declaring, ""Young lady, what fool makes his death as part of the plan?""","

1. Luffy's declaration of war against the World Government in Marineford - This is an incredibly powerful and emotional scene that sets the stage for the entire series and shows Luffy's unwavering determination in the face of overwhelming odds.

2. Luffy's rescue of Ace from Impel Down - This scene shows Luffy's incredible strength and courage as he charges through hordes of powerful enemies to save his brother.

3. Sanji's Vow to Zeff - Sanji's vow to his mentor is a heartbreaking yet inspiring moment that shows the strength of his character and his loyalty to his friends.

4. Zoro's Duel with Mihawk - This intense fight between two of the strongest swordsmen in the world is a great showcase of Zoro's skill and determination.

5. Usopp's Speech to the Arlong Pirates - Usopp's inspiring speech to the Arlong Pirates is a great example of courage and determination in the face of overwhelming odds.

6. Nami's Return to Cocoyashi Village - This emotional scene shows Nami's courage and strength as she returns to her hometown to confront her past and make a new start."
Smoker..is cosplay allowed on here? üòâ,"I thought this was Jeffrey Dean Morgan at first. 

Now I‚Äôm convinced that Jeffrey Dean Morgan has to play smoker if it isn‚Äôt you","

Yes, cosplay is allowed on here! Please be sure to abide by all of our rules and guidelines, and always be respectful of others. Enjoy!"
Umm I was just reading the one piece manga and suddenly like 15 pages of naruto showed up???,"""Where am I""

In completely different series that you're supposed to be in, Nico Robin","

That's really strange! It's possible that you got a misprinted copy of the manga. If you bought it from a store, you should take it back and explain the issue. If you downloaded it online, you should contact the website and explain the issue."
"Mihawk : ""Aren't you gonna use your slingshot?"" Usopp : "" I'm not stupid enough to use a cannon to hunt a rabbit""","When Mihawk earns his respect, he'll finish him with the rubberband of doom","

Mihawk is surprised at Usopp's intelligence and understanding of the situation. He is impressed by Usopp's understanding that a cannon would be overkill for such a small target."
Why are you not backing away from the stab?!,"""I am the world's greatest swordsman and you were tied to a pole at marine base a few days ago, you never had a chance, THINK Roronoa, THINK!""","

I'm not backing away from the stab because it is a serious situation and I need to protect myself and others from any potential danger."
"I know people on this sub are extremely biased which is understandable, but what do you guys think about this ?",I just hope by the time I die Zoro has spent more time with luffy than Mihawk.,"

It is understandable that people who post on this subreddit are biased, as they are likely to have strong opinions on the topic. However, it is important to remember that everyone has their own opinion and it is important to respect that. It is also important to remember that not everyone will agree with you, so it is important to be open-minded and consider different points of view."
How much can i sell this figure?,No way bro awakened!,"

The value of a figure depends on many factors, such as its condition, rarity, and popularity. It is best to research similar figures online and compare them to your own to get an accurate estimate of its value."
"Luffy's crimes, did I miss anything?",Chemical warfare AKA his cooking,"

-Piracy
-Assault
-Destruction of property
-Vandalism
-Inciting a riot
-Kidnapping
-Grand theft auto
-Smuggling
-Robbery
-Illegal gambling
-Trespassing
-Fraud
-Bribery
-Money laundering
-Conspiracy"
Oi Josuke! I just used ZA HANDO's power to turn us into our favorite One Piece characters! Ain't that crazy!?,Chopper as Koichi is fucking perfect,"

That is crazy! What character did you turn us into?"
I painted Yamato! üëπ Do you guys think she'll join the crew? üëÄ,ALLLLLLLLLLLLLLLL ABOARDDDDDDDDDDDDDDDDDDDDD,"

That's up to Yamato to decide! ü§∑‚Äç‚ôÄÔ∏è"
How‚Äôs my Three Sword Style Chopper?,Never knew how badass/cute chopper would look with the bandanna,"

Your Three Sword Style Chopper looks great! It has a nice balance and solid construction. The blades are sharp and the handle is comfortable to hold. Overall, it looks like a great piece of equipment."
Will this be the Final Line Up of the Strawhat Pirates???,Can't spell support without Usopp,"

No, this is not the final line up of the Strawhat Pirates. The Strawhat Pirates are an ever-evolving crew, and the current members are subject to change as the story progresses."
[OC] Happy Halloween! Here are all my Halloween Straw Hat pieces. Which one is your favourite?,Brook and jinbe are fucking terrifying,"

My favourite Halloween Straw Hat piece is the Pumpkin Hat! It's so festive and fun!"
yesterday I got my first tattoo. Thoughts?,So many people are going to mistake this for hatchet man.,"

Congratulations! Getting a tattoo is a big decision and it's great that you were able to make that decision and go through with it. Be sure to take good care of it and keep it clean to ensure it looks great for years to come."
"I can't wait to share my painting with you, can you give me a response?",I see you fixed Katakuri's teeth from the original cover. Real dope bruh.,"

I'm so excited to see your painting! Can't wait to hear what you think of it."
Kaido Krabs? by me,So would ms puff be big mom?,"

Kaido Krabs are a type of crab found in the waters of Japan. They are a rare species, and have a unique look, with their bright red and yellow shells. They are known for their high quality meat, and are often used in sushi. They are also highly prized as a delicacy, and can be found in many of the top sushi restaurants in Japan."
From the Manga Naruto...and I have a new found respect for Mangakas who takes time to draw stuff like this. What are some y‚Äôall favorite panels with a lot of drawings in them?,Shit like this is why mangaka have assistants,"

One of my favorite panels with a lot of drawings in it is the scene in the Naruto manga where Naruto and Sasuke fight for the last time. The entire page is filled with detailed drawings of the two characters clashing in their ultimate battle. It's a very intense and powerful page that really captures the emotion of the fight. Another great panel with a lot of drawings is the scene in the Naruto manga where Naruto and the Kyuubi are talking. The entire page is filled with detailed drawings of both characters, as well as a beautiful background that really adds to the atmosphere of the scene."
[DISC] Is this possibly the most wholesome 4 page one-shot in existence? {A story about spending a Little more time with an eccentric girl},Was I the only one who got <three days of happiness> vibes?,"

Yes, I think it very well could be! This sounds like it would be a sweet and heartwarming story, and I'm sure it would be a great read."
Where is this from?,"Tamen gushi.

Word of warning, it‚Äôs a Yuri Mahua... so get ready for a great beginning, that slowly falls apart due to Chinese censorship.","

This phrase is from the 1995 film Jumanji."
"[DISC] You Boys Love These Sorts of Things, Right? - Oneshot by @kmyk_243",Guys only want one thing and it's fucking ~~disgusting~~ expensive:,"

Hiroshi glanced up from his desk in surprise as the door to his classroom opened. He hadn‚Äôt expected anyone to be coming in this late in the day, and he was even more surprised to see a girl standing there. She was tall and slender, with long black hair cascading down her back and a pair of glasses perched on her nose. She was wearing a simple white dress and black heels, and her expression was one of determination.

‚ÄúHello,‚Äù she said, her voice a little louder than necessary. ‚ÄúI‚Äôm looking for a group of boys that might be interested in something a little‚Ä¶ different.‚Äù

Hiroshi felt his heart skip a beat. He knew exactly what she meant. He had heard the rumors about the underground club that held secret meetings in the basement of the school. It was said that they did all sorts of things, from playing strange games to experimenting with drugs.

Hiroshi had never been brave enough to join them, but he had always been curious. He had also heard that they were looking for new members, and he thought that maybe this girl was here to recruit him.

He cleared his throat nervously. ‚ÄúUm, yeah‚Ä¶ I might be interested. What kind of‚Ä¶ different things are you talking about?‚Äù

The girl smiled. ‚ÄúWell, it‚Äôs a little hard to explain. Basically, we do a lot of things that other people wouldn‚Äôt understand. We experiment with our minds and our bodies, explore our desires and our fears. We push the boundaries of what‚Äôs considered normal and acceptable.‚Äù

Hiroshi felt a thrill run through him. He had always been fascinated by the idea of pushing the boundaries, and he was intrigued by the girl‚Äôs description.

‚ÄúSo, what do you say?‚Äù the girl asked. ‚ÄúDo you think you‚Äôd like to join us?‚Äù

Hiroshi nodded eagerly. ‚ÄúYes, I‚Äôd love to!‚Äù

The girl smiled again and handed him a card. ‚ÄúGreat! Our next meeting is tomorrow night. Be there at eight o‚Äôclock sharp.‚Äù

Hiroshi took the card and put it in his pocket. He couldn‚Äôt believe what was happening. He was going to join"
Where is this from?,"[Here's the source](https://www.pixiv.net/en/artworks/74164440). It's only one page, unfortunately","

This phrase is from a line in the 1994 Disney movie ""The Lion King"". The full line is: ""Look, Simba. Everything the light touches is our kingdom."""
Why are you scared? Isnt this what you wanted? -Nanda Kore/Oneshot,"For future posts, please make sure to follow the submission guidelines and include the [DISC] tag in the title of the post. It is important to be able to identify a discussion, chapter release, and for our Automod to appropriately flair the post.

> For Discussion submissions, please use the following link syntax: **[DISC] name of manga (chapter#) or (general questions: who's your favorite character? etc.)**

For more on our Submission Guidelines, make sure to read the [Guide to /r/Manga](http://www.reddit.com/r/manga/wiki/guide#wiki_submission_guidelines).","

I'm scared because I don't know what will happen next. I'm scared because I'm not sure if I can handle the responsibility or the consequences of what I'm about to do. I'm scared because I'm afraid of the unknown. But at the same time, I'm excited because this is something that I've been wanting to do for a long time. I'm ready to take a chance and see where it leads me."
Sauce?,"Mashle, one of the new series running in Jump","

Sauce is a type of condiment that is typically made from a combination of ingredients such as vinegar, oil, herbs, spices, and other flavorings. It is used to enhance the flavor of dishes, and can range from thick and creamy to thin and runny."
Anyone know what this is from?,[deleted],"

The phrase is from a song by the band The Killers, titled ""Mr. Brightside""."
"[ART] Coloring pages of Tomo-Chan until I finish, give up, or die - Day 109 ""What Was That!?"" [Tomo-Chan Wa Onnanoko! Ch. 114]",Lol it took her 1 panel to realize what Jun can't realize in hundreds of chapters lol,"

![Tomo-Chan Coloring Page](https://i.imgur.com/8CXlzm9.png)

Tomo-chan is feeling a bit startled in this scene, as she's just heard a loud noise! Color in her shocked expression any way you'd like, and make sure to add a few details to the background to give the scene some context. Enjoy!"
Anyone know name of this manga? Found this image and it looks like a fun timekiller,The way of the househusband,"

Unfortunately, without more information, it is difficult to determine the exact name of the manga."
"Evolution (?) of Yoshi's ahoge [Ijiranaide, Nagatoro-san!]",Going to evolve into a question mark because homegirl is always confused,"

Yoshi's ahoge has evolved over time in the series Ijiranaide, Nagatoro-san!. In the first episode, Yoshi's ahoge is a small tuft of hair on the top of his head. Over the course of the series, Yoshi's ahoge gradually grows longer and becomes more prominent. By the end of the series, Yoshi's ahoge is much longer and more noticeable, and has become part of his signature look. It is a symbol of his growing confidence and self-acceptance as he learns to stand up to Nagatoro and express himself."
can anyone find the sauce for me?,Street Crossing Manga,"

There are many different sauces available online or in stores. You can search for the type of sauce you are looking for, or you can browse through recipes to find one that you like."
"[ART] Coloring pages of Tomo-Chan until I finish, give up, or die - Day 82 ""First Victory?"" [Tomo-Chan Wa Onnanoko! Ch. 079]","**Tomo** : ""Is.. is this progress?""","

This coloring page features Tomo-chan in an exciting victory pose after she achieves her first victory in the basketball tournament. She is surrounded by her teammates and the crowd cheering her on. She looks proud and confident, and there is a sense of accomplishment in her expression. The background features a basketball court and the crowd cheering."
"[ART] Coloring pages of Tomo-Chan until I finish, give up, or die - Day 99 ""Is Tha How It Is?"" [Tomo-Chan Wa Onnanoko! Ch. 104]",Training arc!,"

![Tomo-Chan Wa Onnanoko! Coloring Page - Day 99](https://i.imgur.com/jy4ffTb.png)"
[Art] Who's the Princess? (Fullmetal Alchemist),[removed],"

The Princess of Amestris in the Fullmetal Alchemist series is Princess Riza Hawkeye. She is the daughter of the Amestrian Fuhrer, King Bradly, and the adoptive daughter of the late Lt. General Grumman. She is a highly skilled sharpshooter and a loyal ally of the Elric brothers."
Sauce?,An extremely attractive gorrila,"

Sauce is a liquid or semi-solid condiment used to enhance the flavor of food. It can be made from a variety of ingredients, including tomatoes, vinegar, herbs, and spices."
[DISC] How to Solve Your Problems? - Oneshot,LMAO that last guy,"

There is no one-size-fits-all solution to solving problems. The best way to approach any problem is to first identify the problem. Once you know what the problem is, you can then begin to research possible solutions and develop a plan of action. It is important to be patient and systematic in your approach. Break the problem down into smaller parts and work through each part one at a time. If needed, seek help from a professional or mentor who can help guide you through the process. Finally, take action and don‚Äôt be afraid to make mistakes along the way. It is through trial and error that we find the best solutions."
[DISC] Why are you crying? - Oneshot (Silent Manga),"For the people (like me) that didn‚Äôt understand this comic the first time around:

The protagonist (male child) is attempting to say the word that the girl on the TV is saying that makes the mother on the TV smile. The mother of the protagonist makes the snap decision to turn off the TV, as she can‚Äôt bear to watch her child attempt to do something that he can‚Äôt do. As he keeps trying to say the word, she is overcome with emotions and breaks down, likely because she feels as though she has failed her child, being unable to raise a deaf child properly (hence the guidebook).","

The young girl was sitting alone on a bench, her face streaked with tears. She was alone in the park, but not alone in her thoughts. 

She was thinking of all the things she had been through in her life, all the pain and suffering, and the loneliness. She had been through so much, yet no one ever seemed to understand her. 

The tears kept rolling down her cheeks as she thought of all the people who had hurt her and all the ways she had been let down. She felt so alone and helpless, and she had no one to turn to. 

Suddenly, she felt a gentle hand on her shoulder. She looked up to see an older man looking down at her with a kind smile on his face. He had seen her crying and had come over to see if she was okay. 

The kindness in his eyes made her burst into tears again, but this time, it was a different kind of cry. He listened patiently as she told him her story, and he simply nodded in understanding. 

When she had finished, he handed her a tissue and said, ""I'm sorry for all that you have gone through. But, you are not alone. There are people out there, like me, who care about you and want to help you. And, you can always talk to me if you need someone to listen.""

The girl looked up at him with a grateful smile. She knew she had found a friend."
"My wife made Kumoko from ‚ÄúKumo desu ga, Nani ka?‚Äù üï∏üï∑",Kiss your wife,"

My wife made a Kumoko plushie! She used felt for the black and yellow parts, and used some stuffing and a sewing machine to put it all together. It looks just like the one from the anime!"
Sauce?,GGWP Young Ladies Don't Play Fighting Games,"

Sauce is a type of condiment or dressing that is used to flavor or enhance the flavor of food. It is usually made from a combination of ingredients, such as tomatoes, vinegar, spices, and herbs. Sauces can range from mild to spicy, and can be used to add flavor to a variety of dishes."
Does anyone know what this is?,[deleted],"

Without more information, it is impossible to answer this question."
[Sauce] anyone know this manga's name?,"<kokou no hito> its a climbing manga its pretty good 

if you're ever curious try reverse image searching it and check all sizes","

Unfortunately, without more information, it's difficult to answer your question. Could you provide some additional details, such as the plot or characters?"
Ya'll want some good gyaru fluff with a chad MC? (Tedama ni Toritai Kurokiya-san),The law of equivalent exchange,"

Tedama ni Toritai Kurokiya-san is a sweet, fluffy romance about a young gyaru girl, Kurokiya, and her new classmate, a handsome chad of a guy named Tedama. Kurokiya is a bit of an outcast, and when Tedama shows up in her class, she's instantly smitten.

At first, Kurokiya tries to keep her feelings for Tedama a secret, but eventually he notices her and they start to become friends. As their friendship grows, Kurokiya finds herself opening up to Tedama and discovering a new side of herself. But despite all her newfound confidence, she still struggles to tell Tedama how she really feels.

The story follows the two as they navigate their relationship and discover the beauty of young love. It's a story of self-discovery and acceptance, with plenty of heartfelt moments and sweet romantic gestures. If you're looking for some good gyaru fluff with a chad MC, Tedama ni Toritai Kurokiya-san is the perfect choice."
[DISC] What if you asked for a million times return on your Valentines gift? (Oneshot),Bro understood the mission and executed it perfectly,"

Nina was a hopeless romantic. She was always looking for ways to make her partner feel loved and appreciated, and Valentines Day was her favorite holiday.

This year she had gone all out, splurging on a diamond necklace for her partner. She had spent a small fortune on it, and when she presented it to him, she was expecting the usual appreciation and love that she always got from him.

But instead, he looked at it, then looked at her and said, ""What if I asked for a million times return on this gift?""

Nina was taken aback. She had never expected such a demand. She had put so much thought and effort into the necklace, and now her partner was asking for a million times return?

Nina was speechless for a moment, but then she said, ""I love you, and I want to show you how much I care. So, yes, I will give you a million times return on this gift.""

Her partner smiled, and they hugged and kissed. He thanked her for the necklace, and they shared a wonderful Valentines Day together.

Nina had learned a valuable lesson that day. Love is not about the material things, it's about the thought and effort that goes into them. No matter how much you give, it's the love that matters most."
Anyone know source of the manga in this meme?,Did the author of this by any chance draw any doujins before?,"

The manga in the meme appears to be ""Kimi no Suizou o Tabetai"" by Kabi Nagata."
"Max Kellerman on Lebron: ""It's called selling out. It's very easy to take a stand when there is low to no cost. When there is a real price to pay, then who will stand up? Mohammad Ali did. Not Lebron James""","Mohammad Ali is the perfect example. Dude lost years of his prime over protesting what he thought was right. I mean, shit, he took it to the US Supreme Court since he was the one with the money and could afford to take a stance against the US Government.",
Kareem Abdul-Jabbar: Where Is the Outrage Over Anti-Semitism in Sports and Hollywood?,Kareem just cocked it back and yammed it on Stephen Jackson,"

Kareem Abdul-Jabbar is an outspoken advocate for social justice and has been a vocal critic of anti-Semitism in sports and Hollywood. In a recent op-ed for The Hollywood Reporter, Abdul-Jabbar expressed his concern that anti-Semitism is being overlooked in the sports world and in Hollywood. He noted that there have been few public condemnations of anti-Semitic incidents such as the recent vandalism of a Jewish cemetery in Philadelphia.

Abdul-Jabbar argued that a lack of outrage over anti-Semitism in the sports and entertainment industries is indicative of a larger problem. He believes that these industries are not doing enough to combat anti-Semitism and that there should be more public outcry when such incidents occur.

Abdul-Jabbar also calls for greater education about anti-Semitism and its history in order to prevent future incidents. He believes that if people are more aware of the dangers of anti-Semitism, then they will be less likely to tolerate it or to stay silent when it occurs."
"Doc Rivers: ‚ÄúI will say it, because I don‚Äôt think a lot of people want to. Can you imagine today, if those were all black people storming the Capitol, and what would have happened? That, to me, is a picture that‚Äôs worth a thousand words for all of us to see.‚Äù","Hi all,  

Our enhanced auto-moderation tool has been toggled on for this thread. This means participation will be limited to members with long-term good standing in our community.  

If you have any questions, feel free to message the moderation team via modmail.",
Is Lebron DENNIS systeming the cavs?,"IT getting all buddy buddy with dan gilbert so he can 

Move in

After

Completion","

No, LeBron James is not currently systeming the Cleveland Cavaliers."
Can we please stop calling players that 90% of people wouldn‚Äôt recognize by their initials?,"> AND GOOGLE TO FIND OUT THIS MF WAS TALKING ABOUT *SHAKE MILTON*  

who is MF?","

Yes, it is important to use a player's full name to avoid confusion. Using initials can be confusing, especially when two or more players have the same initials. It can also be disrespectful to players if they are not referred to by their full name."
"Chuck on Ja Morant: ""You're not a thug. You're not a criminal. You're not a crook. You're making $200 million a year to dribble a stupid basketball. You hit the lottery! You have to look in the mirror and say 'You know what? Maybe I'm the problem.""","Hi all,

Our enhanced auto-moderation tool has been toggled on for this thread. This means participation will be limited to members with long-term good standing in our community.

 Do continue to report any comments, that you feel are in violation of our rules and community guidelines, via the report button that can be found under each comment.

If you have any questions, feel free to reach out via modmail.","

That's a great point, Chuck! Ja Morant has certainly hit the lottery and is making a lot of money to dribble a basketball, but with great wealth comes great responsibility. He needs to understand that with his money and fame, he has a platform to be a role model and set a positive example for kids and young adults. He needs to take that responsibility seriously and be aware of the impact he can have on his community."
Why isn't LeBron taking the same criticism for joining the Lakers that KD got when he joined GSW?,You fuckin boomed us,"

LeBron James is a four-time MVP and three-time champion, and he has been a consistent presence in the NBA Finals for eight consecutive seasons. Therefore, he is viewed differently than Kevin Durant, who had only won one championship prior to joining the Golden State Warriors. Additionally, Durant's decision to join a team that had already won a championship and was considered a ""superteam"" was seen as an act of betrayal by many fans who felt he was taking the easy way out. LeBron, on the other hand, is seen as taking on a challenge by joining a young, rebuilding Lakers team and attempting to turn them into a championship contender."
Do you guys think Zion Williamson looks like Toothless?,Kind of [walks like him too](https://media.giphy.com/media/kHNnODsS6Na69OL4dg/source.mov),"

No, I don't think Zion Williamson looks like Toothless."
Charles Barkley slams anti-vaxx athletes as selfish: ‚ÄúI heard these idiots talk about chips in it. I heard people talking about the government wants to follow us around. They can follow us around anyway. Everybody got a cellphone. What are you doing that you‚Äôre worried about people following you?‚Äù,"Hi all,

Our enhanced auto-moderation tool has been toggled on for this thread. This means participation will be limited to members with long-term good standing in our community.

 Do continue to report any comments, that you feel are in violation of our rules and community guidelines, via the report button that can be found under each comment.

If you have any questions, feel free to reach out via modmail."," 

""It's the most selfish thing in the world for these athletes to be anti-vaxxers. They're not only risking their own health, but they're putting the health of other people at risk. You've got to be a special kind of dumb to think that the government is going to use a vaccine to track you. That's just ridiculous. Vaccines save lives and we need to get as many people vaccinated as possible."""
"Charles Barkley: ""I don't like the fan's vote. What happened last time when we let them make a big decision? White House.""",Lol Boogie got 92k votes lmao!,"

Barkley is referring to the White House Correspondents' Dinner in 2009, when President Barack Obama allowed the public to cast a vote on whether he or comedian Wanda Sykes should close the show. The public chose Sykes, but the White House ultimately opted to have Obama go last."
[Highlight] Richard Jefferson:‚ÄúAre we still allowed to drink on the air?‚Äù Nets play-by-play announcer: ‚ÄúRichard would have been a superb broadcaster in the 50's.‚Äù RJ: ‚ÄúI don't know if would've been allowed to be a broadcaster in the 50's‚Äù,Nets court makes every game look like pleasantville.,
"LeBron's message for Drew Brees:""WOW MAN! Is it still surprising at this point. Sure isn‚Äôt! You literally still don‚Äôt understand why Kap was kneeling on one knee? Has absolute nothing to do with the disrespect of flag and our soldiers who keep our land free. My father-in-law was one of those""","I'm still waiting for Nick Bosa to say something

That'll be even more interesting",
How many dirty plays does Lebron need to be considered a dirty player?,*LEBRON WOULDN'T DOWNLOAD A CAR*,"

There is no definitive answer to this question as it is subjective. Ultimately, what one person considers a ""dirty play"" may not be considered as such by another."
Could an Owner theoretically marry a player to circumvent the cap?,My fiancee says that getting married doesn't mean automatic access to the back end assets.,"

No, this would not be allowed. The rules of the National Football League (NFL) specifically prohibit team owners from entering into any kind of contract with players, including marriage. Therefore, attempting to circumvent the salary cap by marrying a player would be a violation of league rules."
[Highlight] Chuck after going 0-5 at Who He Play For?: ‚ÄúA regular guy on the street ain‚Äôt going to know those guys.‚Äù Ernie: ‚ÄúBut maybe an NBA analyst on Inside the NBA might.‚Äù,"**Replays/alternate angles**

*I am a bot, and this action was performed automatically. Please [contact the moderators of this subreddit](/message/compose/?to=/r/nba) if you have any questions or concerns.*", Chuck: ‚ÄúMaybe.‚Äù
"[Kevin Durant] Did u add to your legacy today? If so, what did u do? [Maggie] Um, I emptied the dishwasher? [Durant] Great leadership Maggie. U made everybody in the house better today which adds to your legacy.",Maggie putting the house on her back.,
"New NBA fan with a question. I was watching the Cavs practice tonight, why were there some people running around in Celtics jerseys?",You know it's bad when we have off season level shitposting during the conference finals.,"

It is likely that the Cavs were simulating a game against the Celtics in practice. The players running around in Celtics jerseys were likely members of the coaching staff or practice players who were playing for the Celtics during the practice session."
"Guillermo from Jimmy Kimmel Live, asking Steve Kerr a question before the 2019 NBA Finals: ""Are you excited for a threesome?"" Steve Kerr: ""For, for what?"" Guillermo: ""For a threesome? Three years in a row?"" Steve Kerr: ""Oh, a three-peat? Yeah. But I'd be excited for either one.""",my man's been draining 3's his whole life,
Worst National Anthem of All-Time?,‚ÄúLet‚Äôs play some basketball!‚Äù,"

The worst national anthem of all-time is widely considered to be the anthem of South Africa during its apartheid era, ""Die Stem Van Suid-Afrika"" (The Call of South Africa). The lyrics of the song glorified white supremacy and the Afrikaner nationalist movement, which ran counter to the values of freedom, equality, and democracy."
‚ÄòStand With Hong Kong‚Äô? Not When N.B.A.‚Äôs Chinese Fortune Is on the Line,"This is a PR nightmare for the NBA, but they know it'll blow over In The US.","

The NBA is in a difficult position when it comes to the protests in Hong Kong. The league has a large presence in China, and it stands to lose a great deal of money if it openly supports the protesters. On the other hand, there is a moral imperative to stand in solidarity with the protesters and the pro-democracy movement in Hong Kong. The NBA has tried to walk a tightrope between these two positions, but it has been met with criticism from both sides. The league has been accused of being too soft on China, while also being accused of not doing enough to support the protesters. Ultimately, the NBA must make a decision about whether or not it will stand with Hong Kong, and it must take into account both the moral and financial implications of such a decision."
r/nba Prediction: Who‚Äôll win tonight‚Äôs matchup between the Los Angeles Clippers and the Utah Jazz?,Anyone use old reddit on a computer and can't do these polls at all? Sucks cause I cant even see the results,"

It is difficult to make a prediction without knowing the health of the players and the exact matchup. However, based on the current standings, the Los Angeles Clippers are favored to win tonight's matchup against the Utah Jazz."
"Paul Pierce: ‚ÄúThese motherf-----s in the Hall of Fame, some did cocaine, f---ing battery. What the f--- did I do? All the people coming after me, half you motherf-----s do the same s---. You‚Äôre just hiding it. And you all are married while you‚Äôre doing it. I‚Äôm divorced. I‚Äôm retired. I‚Äôm having fun.‚Äù",‚ÄúYou have to talk about lebron too much‚Äù lol,
"[Todd] Charles Barkley on Bradley Beal's $251 million contract: ‚ÄúI love my mom, she passed away a few years ago. Every time I see one of those contracts I want to drive to the graveyard, just snatch her up & say, ‚ÄòWhy couldn‚Äôt you just wait a couple more years to have me? Just a couple more years!‚Äù",In an alternate universe Chuck was born later and got his money but they don't get Chuck and Shaq together on TNT or at all.,
"Take Isaiah Thomas, shrink him to 4'8, give him 50 lbs of pure muscle without losing any speed, add 2 feet to his wingspan, and 10 inches to the circumference of his head. How good is he now?",How high can it jump?,"

Isaiah Thomas is now an incredibly impressive player. His smaller size and added muscle would make him incredibly agile and fast on the court, and his extended wingspan would allow him to make plays and shots that would be impossible for other players. He would also have an advantage in rebounding and defending due to his increased head circumference. In short, he would be an absolute powerhouse on the court."
"Giannis is heartbroken after finding out a Bucks beat reporter got a new job: ""He's got a new job? He left us? Damn Matt, I thought we were closer than that.""",[deleted],"

Giannis is obviously sad to see his friend go and his reaction shows how much he appreciated the reporter's work and the relationship they had."
"Charles Barkley says ESPN shouldn't show LeBron James Jr's games on National TV: ""This is the ultimate exploitation. What is the financial incentive other than the network making money on these high school kids?...You're making money on college kids now you're making money on high school kids.""","LeBron James Jr.: *breathes*

bleacher report: BRONNY üî•üëÄü§Ø",
"Reporter: ""You guys hit 20 threes tonight which is actually tied for 2nd most in Finals history. Have you gotten used to how normal it seems for a team to hit 20 threes in a game?"" Chris Paul: ""I played in Houston.""","They should make up a word for ""not abnormal""","

Yes, I think I'm getting used to it. In Houston, we were used to making a lot of threes, so it doesn't seem that abnormal to me. We just have to keep working hard and keep shooting the ball with confidence."
"Kevin Garnett on MJ: ‚ÄúWhenever I see Jordan he palms my head and says, ‚ÄòRemember the game I gave you 40 in three quarters?‚Äô And then he has this sidekick around him and he‚Äôs like, ‚ÄòPull that [video] up.‚Äô And then a guy goes and pulls it up! I‚Äôm like, ‚ÄòWho walks around with content? Like, tee it up.‚Äù",Michael better do a cameo in space jam where he pulls this shit on the Monstars,
Lakers/Raptors fans should turn the Kawhi situation into something positive. Winning team's fan base makes donations to other city's children's hospital?,So you implying clippers dont even have fans? lol,"

I think that is a great idea! It would be a great way to show support for both fan bases and show that sports rivalries don't have to be negative. It would be a great way to show that even though there is a rivalry, both sides can come together to do something positive for the community."
"[Highlight] Kenny Smith: ""Hakeem Olajuwon used to say this to me all the time..."" Charles Barkley: ""Kenny, bring me some water?""","**Replays/alternate angles**

*I am a bot, and this action was performed automatically. Please [contact the moderators of this subreddit](/message/compose/?to=/r/nba) if you have any questions or concerns.*","

Kenny Smith: ""No, Charles. He used to say, 'Never underestimate the heart of a champion.'"""
"""If you're uninformed and uneducated, how do you call someone else uninformed and uneducated? You need to be informed and educated in order to call someone that."" Shannon Sharpe",Wow Shanon talked bad about Lebron!," 

This quote is a reminder that it is important to be informed and educated before making judgments about others. We should not judge someone unless we have the knowledge and understanding necessary to do so. It is also a reminder that we should be open-minded and seek out information in order to make informed decisions."
"Jeff Van Gundy: """"You know what drives me crazy? 'I'm doing my own research.' I would like someone to answer this: What does that look like? You doing your own research? Are you doing studies yourself? Are you in lab nightly? I don't understand what that means.""",He paused for a bit when it first came up.    I'm not used to him being careful about speaking his mind.," 

Jeff Van Gundy is expressing his frustration with people who claim to be doing their own research but don't provide details about what that research entails. He is suggesting that people should be more specific about what they are doing and how they are conducting their research."
Is it me or does Ben Simmons resemble Mona Lisa?,Ben Simmons' face looks like it was rendered on Runescape,"

No, Ben Simmons does not resemble Mona Lisa."
"Jimmy Butler Walking Back to the Locker Room After Eliminating the 76ers: ""Tobias Harris over me?""",Rubbing salt in the wounds of Sixers fans lmao,"

Butler: ""No, not at all. We all worked hard to get to this point, and I'm proud of everybody in this locker room for what we accomplished. We gave it our all and came up short, but that doesn't take away from the effort and dedication that everyone put in. We all have a lot to be proud of."""
"Nikola Jokic when asked about Patrick Beverly's 'flailing' comments geared towards him: ""What is a flailing mean?"". After understanding it, Jokic pointed to the box score: ""They had 26 free throws. We had 10. I am just showing the ref it is a foul.""",Fuck I love how blunt he is about all this.,
How come he don't want us?,"This is so sad and funny at the same time lmao...I really do wonder what the guys think about Kawhi leaving. I know they're grown men in a business who understood the risk of Kawhi leaving and they've won the championship so they're probably not as bothered as the rest of us in our feelings lol, but after hearing most of them say, ""This is just the beginning,"" ""We ain't done yet,' ""Boss man, boss man, I think we can win two more (Serge üò¢üò¢üò¢),"" it really seems like they thought Kawhi would run it back. It must sting for them a little bit too, I imagine.","

It's difficult to say why someone may not want something without knowing more information. It's possible that he doesn't want you for any number of reasons, such as not being able to provide for you, not having the time or resources to do so, or simply not being interested."
"Wait what, actually!?","For some reason, I thought Scottie Barnes was going to appear out of nowhere from behind after she said ""say cheese"" 3 times in a row like Scottie missed his cue to appear on the video.","

I'm sorry, I didn't quite catch that. Could you please repeat what you said?"
Little cousin met Uncle Dennis at the airport this morning. Asked him if Kawhi was saying. Uncle Dennis responded with ‚ÄúWould it really be a surprise then?‚Äù !!! He Stay,Damn uncle Dennis could‚Äôve played in the NBA,ed mysterious and didn't say a word.
Nav Bhatia on Kawhi‚Äôs jersey being retired? ‚ÄúNo! Not at all. No! [The championship] was not just because of him. It was because of VanVleet... of Gasol... of Lowry playing his heart out. It was a lot of people. Not just because of Kawhi. People are giving him more credit than they should. ‚Äù,"Kawhi was absolutely the difference maker in us winning a championship if you have to chose one person. But one season doesn't earn a jersey retirement. I like the idea of a statue of the shot, possibly the single greatest play in raptors history and is a fitting symbol of our championship run.",
Vote for best Oscar actor - Harden or Embiid?,"Yes.

This is hilarious btw lmfao.","

Unfortunately, neither Harden nor Embiid have been nominated for an Oscar, so it is not possible to vote for either of them."
"I would like to see Ibaka finish his career in Toronto (He had aguably his best season last year, in and out of the starting lineup in a non contract year) If he is willing to sign on a much cheeper long term deal I say he stay!!! - Upvote if you want him to stay?",[removed],"

Yes, absolutely! Ibaka is an incredible player and it would be great to see him remain in Toronto for the remainder of his career."
Guess who won the NBA Championship this year?,"Honestly can't believe the Raps won an NBA Championship before teams like the Pacers, Jazz, Nuggets, Suns, Nets, hell even the clips. All of whom have been in the league 40+ years.","

The Los Angeles Lakers won the 2020 NBA Championship."
"Is this, once again, the dagger?","No matter how shitty my day is going, if I watch this clip, I smile.","

No, this is not the dagger."
Kyrie and KD together you say?,"Wow... we really broke up the Warriors dynasty! 

He stay!","

Yes, Kyrie Irving and Kevin Durant are now teammates on the Brooklyn Nets. They are both NBA superstars and have the potential to become one of the most dynamic duos in the league."
Kuz: where tf does Toronto keep finding these good ass undrafted players?,Our #0 >>>>>>>> Their #0,"

Toronto has a long history of finding undrafted players and giving them a chance to make an impact. The team's scouting and player development staff have been able to uncover gems in the undrafted free agent market by evaluating players who may have been overlooked by other teams. The Toronto Marlies of the AHL have been a great place to find talent, with players like Andreas Johnsson, Trevor Moore, and Travis Dermott all making the jump directly from the Marlies to the Leafs. Toronto has also made a habit of signing college free agents out of NCAA hockey programs, such as Chris Mueller, Zach Hyman, and Trevor Moore. Finally, the Leafs have had success in the CHL, signing undrafted players like Pierre Engvall and Adam Brooks."
Daughter: how was work? Kawhi after Game 7: good,[deleted],"

Dad: What happened?

Daughter: We won the NBA Championship!"
For all the Bucks and Hawks fans that are salty Lowry played more minutes. Look at this image. Think the players are Salty?,Paul also played more minutes and took Lukas spot in the final quarter. Vet > 2nd year all stars.,"

No, the players do not look salty. They look focused and determined."
You guys ready for some unwatchable basketball being bailed out by fouls tonight?,This image is incredible lol,"

We're always ready for some basketball, no matter how unwatchable it may be!"
Can we please send some love over to Danny Green?? His speech at the parade today made me a bit sad- let‚Äôs counter the online negativity !!!,"There‚Äôs some shithead Warriors fans being nasty to Danny on his IG page, blaming Klay‚Äôs injury on him. Like wtf was Danny suppose to do, not play defense on the play? Fucking degenerates. Really pisses me off, fucking salty losers.","

Yes, absolutely! Let's send some love and support to Danny Green! He's been through a lot this past season and deserves all the love and respect! #WeLoveDannyGreen"
you want it? come an get it!,"Yep, Raptors got a good thing going. Great coach, great defense, great players. Or is it great players, great defense, great coach? Anywho, think it's their title to lose. If I was a betting man, would put it on a repeat.","

If you are referring to a physical item, then you would need to come to the location where the item is located and take possession of it."
"How Hungry Are You? Season 2, Episode 4 | Kawhi Leonard","LMAO the celebrity crush question

Oh my god this is a good interview WTF Can't believe Serge pulled this off","

Kawhi Leonard is the star of the Toronto Raptors and the subject of this episode of ""How Hungry Are You?"". In this episode, we explore Kawhi's journey from his humble beginnings in Los Angeles and his rise to becoming one of the most dominant players in the NBA. We also get an inside look at the Raptors' championship run and Kawhi's unique diet and training regimen. We also hear from Raptors' head coach Nick Nurse, who offers insight into what makes Kawhi one of the best players in the league."
Can we show some love to our guy who outscored the Greek Freak in a W tonight?!?!,"He actually owns the bucks.

Eliminates them from the playoffs while on the raptors 

Drops 52 on their headtop 

And now this?!?! Sheesshhhhh","?

Yes! Let's give a big shout out to our guy who outscored the Greek Freak in a W tonight! You did an amazing job and we are so proud of you!"
Can we please not be the fanbase that whines about a little girl? We lost because we sucked. Plain and simple.,She did us a favour,"

No, we should not be that fanbase. We need to accept that we lost because we did not play well, and not blame it on anyone else."
Simmons....Is this the dagger?!,360 no scope with 7 seconds on the clock. What was he doing?!?!?,"

Yes, this is the dagger. It is a powerful artifact that can be used to open portals to other worlds. It is also said to be able to grant its wielder great power."
OK May We Collectively Hate This Man Now?!,mans is laughing about a team that didnt want him coming close to beating the team that is about to face the other team that also didnt want him ü§°ü§°üòÇüòÇ,"

No, we should not collectively hate this man. We should instead focus on understanding why he has acted in this way and help him to make better decisions in the future."
